
BOOT_BUTTON,64.02,108.26,180.00,BUTTON_CUSYOMV1,MYBUTTON
C1,159.44,3.63,90.00,100nF,EAGLE-LTSPICE_C0402
C10,53.34,107.63,90.00,100nF,EAGLE-LTSPICE_C0402
C10_SUPERCAP,94.09,51.04,270.00,CPH3225A,CAPCP3225X100N
C1_BAT,129.23,45.55,90.00,4.7uF,EAGLE-LTSPICE_C0402
C1_BAT1,138.68,42.47,90.00,4.7uF,EAGLE-LTSPICE_C0402
C1_BAT2,124.52,41.47,90.00,4.7uF,EAGLE-LTSPICE_C0402
C2,156.82,3.63,90.00,100nF,EAGLE-LTSPICE_C0402
C2_BAT,137.34,56.55,270.00,4.7uF,EAGLE-LTSPICE_C0402
C3,135.09,40.80,90.00,100uF,RCL_CT3528
C4,71.41,44.39,0.00,4.7uF/25V,EAGLE-LTSPICE_C0402
C4_USB,158.53,52.47,90.00,100nF,EAGLE-LTSPICE_C0402
C5,27.49,107.71,90.00,1uF,EAGLE-LTSPICE_C0402
C5_USB,151.64,49.47,90.00,4.7uF,EAGLE-LTSPICE_C0402
C6,68.20,107.63,90.00,100nF,EAGLE-LTSPICE_C0402
C7,77.99,39.63,90.00,10uF,EAGLE-LTSPICE_C0402
C8,91.58,50.63,90.00,100nF,EAGLE-LTSPICE_C0402
C9,4.96,99.63,180.00,100nF,EAGLE-LTSPICE_C0402
CHANGE_BUTTON,49.04,108.25,180.00,BUTTON_CUSYOMV1,MYBUTTON
CHG_LED,131.34,51.75,90.00,,ADAFRUIT_CHIP-LED0603
C_DELAY,52.77,100.39,90.00,100nF,EAGLE-LTSPICE_C0402
D1,155.72,49.79,0.00,USBLC6-2SC6Y,SOT95P280X145-6N
D10,109.71,12.87,0.00,PGB1010603MR,DIOC1608X36N
D11,104.09,12.87,0.00,PGB1010603MR,DIOC1608X36N
D12,98.47,12.87,0.00,PGB1010603MR,DIOC1608X36N
D2,126.55,41.68,90.00,ESP32_WROVER_AVX---SD0805S020S1R0_AVX_SD0805S020S1R0_0_0AVX_SD0805S020S1R0_0_0,ESP32_WROVER_AVX---SD0805S020S1R0_AVX_SD0805S020S1R0_0
D3,89.72,32.87,0.00,MBR0530,SOD3716X135N
D4,70.56,39.87,0.00,MBR0530,SOD3716X135N
D5,87.22,36.95,0.00,MBR0530,SOD3716X135N
D6,127.02,12.79,0.00,PGB1010603MR,DIOC1608X36N
D7,88.20,63.68,180.00,ESP32_WROVER_AVX---SD0805S020S1R0_AVX_SD0805S020S1R0_0_0AVX_SD0805S020S1R0_0_0,ESP32_WROVER_AVX---SD0805S020S1R0_AVX_SD0805S020S1R0_0
D8,121.95,12.87,0.00,PGB1010603MR,DIOC1608X36N
D9,115.33,12.87,0.00,PGB1010603MR,DIOC1608X36N
EPD_C1,86.75,21.47,90.00,1uF/50V,EAGLE-LTSPICE_C0402
EPD_C10,78.04,21.39,90.00,1uF/50V,EAGLE-LTSPICE_C0402
EPD_C11,79.09,21.24,90.00,1uF/50V,EAGLE-LTSPICE_C0402
EPD_C12,75.45,21.39,90.00,1uF/50V,EAGLE-LTSPICE_C0402
EPD_C2,84.87,21.55,90.00,1uF/50V,EAGLE-LTSPICE_C0402
EPD_C5,83.84,21.39,90.00,0.1uF/50V,EAGLE-LTSPICE_C0402
EPD_C6,82.79,21.55,90.00,1uF/50V,EAGLE-LTSPICE_C0402
EPD_C7,81.20,21.55,90.00,1uF/50V,EAGLE-LTSPICE_C0402
EPD_C8,80.15,21.55,90.00,1uF/50V,EAGLE-LTSPICE_C0402
EPD_C9,76.50,21.55,90.00,1uF/50V,EAGLE-LTSPICE_C0402
IC1,49.69,99.79,0.00,BD5229G-TR,SOT95P280X125-5N
IC4,130.01,41.79,0.00,XC6220A331MR-G,SOT95P280X120-5N
J1,83.87,13.24,0.00,FH34SRJ-24S-0.5SH_99_,FH34SRJ24S05SH99
J2,165.66,54.36,90.00,SAMACSYS_PARTS_USB4110-GF-A,SAMACSYS_PARTS_USB4110GFA
J3,164.99,19.26,90.00,QWIIC_RIGHT_ANGLE,JST04_1MM_RA
J4,8.87,88.47,269.60,112A-TAAR-R03_ATTEND,112ATAARR03ATTEND
L1,69.47,32.05,0.00,68uH,IND_4828-WE-TPC_WRE
MCP73831,135.39,48.69,90.00,ESP32_WROVER_SPARKFUN-IC-POWER_MCP73831,ESP32_WROVER_SPARKFUN-IC-POWER_SOT23-5
PFMF.050.1,154.44,43.80,0.00,ESP32C6_VARISTORCN1812,ESP32C6_VARISTOR_CT/CN1812
Q1,139.26,47.61,0.00,20V/4.2A/52mΩ/1.4W,ESP32_WROVER_SPARKFUN-DISCRETESEMI_SOT23-3
Q2,81.23,36.56,270.00,20V/4.2A/52mΩ/1.4W,ESP32_WROVER_SPARKFUN-DISCRETESEMI_SOT23-3
Q3,69.25,26.95,90.00,SI1308EDL-T1-GE3,SOT65P210X110-3N
R1,19.83,41.63,90.00,10K,ESP32_WROVER_EAGLE-LTSPICE_R0402
R10,127.12,18.87,0.00,,ESP32_WROVER_EAGLE-LTSPICE_R0402
R1_BAT,121.45,47.55,0.00,200,ESP32_WROVER_EAGLE-LTSPICE_R0402
R1_PINH,154.36,3.47,90.00,10K,ESP32_WROVER_EAGLE-LTSPICE_R0402
R1_PINH1,88.56,62.04,0.00,10K,ESP32_WROVER_EAGLE-LTSPICE_R0402
R1_PWRUSB,127.15,39.04,0.00,100K,ESP32_WROVER_EAGLE-LTSPICE_R0402
R2,73.41,36.71,0.00,2.2,ESP32_WROVER_EAGLE-LTSPICE_R0402
R2-PINH,151.42,3.47,90.00,10K,ESP32_WROVER_EAGLE-LTSPICE_R0402
R2-PINH1,86.93,48.39,0.00,10K,ESP32_WROVER_EAGLE-LTSPICE_R0402
R2-USB,155.68,46.44,0.00,5K1,ESP32_WROVER_EAGLE-LTSPICE_R0402
R2-USB1,156.20,47.47,0.00,5k1,ESP32_WROVER_EAGLE-LTSPICE_R0402
R2_BAT,121.56,51.55,0.00,2K,ESP32_WROVER_EAGLE-LTSPICE_R0402
R3,71.91,12.63,90.00,0.47,ESP32_WROVER_EAGLE-LTSPICE_R0402
R4,63.75,12.63,90.00,10K,ESP32_WROVER_EAGLE-LTSPICE_R0402
R5,121.31,18.87,0.00,,ESP32_WROVER_EAGLE-LTSPICE_R0402
R6,115.50,18.87,0.00,,ESP32_WROVER_EAGLE-LTSPICE_R0402
R7,109.69,18.87,0.00,,ESP32_WROVER_EAGLE-LTSPICE_R0402
R8,103.88,18.87,0.00,,ESP32_WROVER_EAGLE-LTSPICE_R0402
R9,98.07,18.87,0.00,,ESP32_WROVER_EAGLE-LTSPICE_R0402
RESET_BUTTON,24.13,108.25,180.00,BUTTON_CUSYOMV1,MYBUTTON
R_BOOT,60.31,107.47,90.00,10K,ESP32_WROVER_EAGLE-LTSPICE_R0402
R_CAPACITOR,92.85,61.04,90.00,15,ESP32_WROVER_EAGLE-LTSPICE_R0402
R_CHANGE,45.72,108.04,90.00,10K,ESP32_WROVER_EAGLE-LTSPICE_R0402
R_CL1,60.06,32.63,0.00,10K,ESP32_WROVER_EAGLE-LTSPICE_R0402
R_RESET,20.09,107.39,90.00,10K,ESP32_WROVER_EAGLE-LTSPICE_R0402
SENSOR2,157.26,12.42,90.00,ESP32_WROVER_BME680_BME680,ESP32_WROVER_BME680_PSON80P300X300X100-8N
SJ1,46.36,32.79,0.00,,SJ
TP1,14.53,68.71,0.00,TPTP20R,TP20R
TP10,152.06,63.71,0.00,TPTP20R,TP20R
TP11,74.61,102.71,0.00,TPTP20R,TP20R
TP12,144.71,63.71,0.00,TPTP20R,TP20R
TP13,138.36,63.71,0.00,TPTP20R,TP20R
TP14,132.01,63.71,0.00,TPTP20R,TP20R
TP15,125.66,63.71,0.00,TPTP20R,TP20R
TP16,78.31,102.71,0.00,TPTP20R,TP20R
TP17,90.96,42.71,0.00,TPTP20R,TP20R
TP2,21.45,68.71,0.00,TPTP20R,TP20R
TP3,118.37,58.71,0.00,TPTP20R,TP20R
TP4,25.29,84.71,0.00,TPTP20R,TP20R
TP5,21.49,84.79,0.00,TPTP20R,TP20R
TP6,22.41,92.79,0.00,TPTP20R,TP20R
TP7,23.33,33.79,0.00,TPTP20R,TP20R
TP8,14.25,72.79,0.00,TPTP20R,TP20R
TP9,8.17,68.79,0.00,TPTP20R,TP20R
U1,37.69,54.56,0.00,W25Q512JVEIQ,SON127P600X800X80-9N
U2,16.60,54.24,90.00,ESP32-C6-WROOM-1-N8,XCVR_ESP32-C6-WROOM-1-N8
U3,84.95,55.10,270.00,DS3231SN#,SOIC127P1032X265-16N
U4,142.88,53.42,0.00,MAX17048G+T10,SON50P200X200X80-9N
